{
  "headers": [
    {
      "source": "/(.*)",
      "headers": [
        {
          "key": "X-Robots-Tag",
          "value": "noindex, nofollow"
        },
        {
          "key": "Referrer-Policy",
          "value": "no-referrer"
        },
        {
          "key": "Permissions-Policy",
          "value": "camera=(), microphone=(), geolocation=()"
        },
        {
          "key": "Content-Security-Policy",
          "value": "default-src 'self' https: data: blob:; img-src 'self' https: data: blob:; style-src 'self' 'unsafe-inline' https:; script-src 'self' 'unsafe-inline' https://cdn.jsdelivr.net https://plausible.io; connect-src 'self' https:; font-src https://fonts.googleapis.com https://fonts.gstatic.com data:; object-src 'none'; base-uri 'self'; frame-ancestors 'none';"
        }
      ]
    }
  ]
}